NumRequests,TimeElapsed
1,0.877167
20,1.66201
60,4.49767
80,5.97751
100,7.35447
120,8.89954
160,11.722
180,13.292
200,14.6301
