NumRequests,TimeElapsed
1,0.692556
10,0.933016
50,3.92028
100,7.70051
200,15.2045
400,30.1243
600,45.0193
800,60.2706
1000,75.2825
