NumRequests,TimeElapsed
1,0.481606
1,0.09442
1,0.0951304
10,0.106124
10,0.104987
10,0.106386
50,0.161599
50,0.163455
50,0.16535
100,0.240229
100,0.263407
100,0.23827
200,0.385765
200,0.402349
200,0.38986
400,0.677531
400,0.713175
400,0.680749
600,0.98168
600,1.37188
600,0.982763
800,1.29893
800,1.28463
800,1.70651
1000,1.5804
1000,1.98111
1000,1.61858
