NumRequests,TimeElapsed
1,0.515617
1,0.0960518
1,0.096084
20,0.196472
20,0.196097
20,0.196529
60,0.414155
60,0.410597
60,0.439814
80,0.516104
80,0.513035
80,0.514935
100,0.650699
100,0.620748
100,0.620462
120,0.734571
120,0.752597
120,0.730423
160,0.942979
160,0.963978
160,0.946246
180,1.0464
180,1.4731
180,1.05058
200,1.186
200,1.15355
200,1.18165
