NumRequests,TimeElapsed
1,0.966374941
1,0.492004618
1,0.784396985
10,3.355854081
10,3.231647709
10,3.2365226480000002
20,6.835757539
20,5.91066291
20,5.830439646
40,13.956423271
40,12.181609068
40,12.364016946
60,18.591126294
60,18.521839401
60,19.22113086
80,27.712370256
80,24.582485307
80,24.453231531
100,30.170675919
100,30.559039588
100,30.550744232
