NumRequests,TimeElapsed
1,0.02026696
1,0.019567758
1,0.02025756
1,0.019399057
1,0.022001366
10,0.05063785
10,0.04736974
10,0.049335146
10,0.049682047
10,0.055146963
100,0.367486188
100,0.368208389
100,0.368811192
100,0.366124883
100,0.39216296
1000,3.74122509
1000,3.715324843
1000,3.729340798
1000,3.832785866
1000,3.96672869
