NumRequests,TimeElapsed
10,0.05063785
10,0.04736974
10,0.049335146
10,0.049682047
10,0.055146963
100,0.367486188
100,0.368208389
200,0.368811192
400,0.366124883
600,0.39216296
800,0.367486188
1000,3.74122509
1000,3.715324843
1000,3.729340798
1000,3.832785866
1000,3.96672869
