NumRequests,TimeElapsed
1,0.052395999
1,0.048169651
1,0.045306518
20,0.894591328
20,0.959090866
20,0.468515757
60,1.334403456
60,1.368749799
60,1.394662878
80,1.8529057949999999
80,1.891355133
80,1.930175379
100,2.318224691
100,2.309742794
100,2.35663063
120,2.86098717
120,2.740955402
120,2.841327274
160,3.784956154
160,3.875196062
160,4.011802286
180,4.548834879
180,4.570064293
180,4.601283538
200,5.373079306
200,5.012997412
200,4.8230726520000005
