NumRequests,TimeElapsed
1,1.314269347
5,0.786503433
10,1.655451277
15,2.174563028
20,6.268938593
40,7.870532172
60,7.689575529
80,11.036012747
100,15.564368402
