NumRequests,TimeElapsed
1,0.500426
1,0.0955396
1,0.0947917
10,0.107305
10,0.107786
10,0.106928
50,0.159642
50,0.159542
50,0.159072
100,0.260695
100,0.225864
100,0.228489
200,0.362927
200,0.360336
200,0.359672
400,0.659461
400,0.63264
400,0.631781
600,0.935605
600,0.90335
600,0.89812
800,1.57966
800,1.17303
800,1.20704
1000,1.45374
1000,1.47019
1000,1.4372
