NumRequests,TimeElapsed
1,0.896462
1,0.0969209
1,0.0972907
10,0.144946
10,0.143047
10,0.142523
50,0.358201
50,0.384901
50,0.357886
100,0.619981
100,0.621056
100,0.651133
200,1.15671
200,1.1611
200,1.56169
400,2.22216
400,2.62886
400,2.24699
600,3.69763
600,3.70456
600,3.69186
800,4.76417
800,4.73991
800,4.75923
1000,5.80578
1000,6.23945
1000,5.8677
