NumRequests,TimeElapsed
1,0.040905357
1,0.037896046
1,0.047937684
10,0.06496705
10,0.052693503
10,0.049440091
50,0.216990736
50,0.211103814
50,0.208234102
100,0.410442881
100,0.676268407
100,0.411314785
200,0.816029445
200,0.813910676
200,0.810151025
400,1.930922011
400,1.653624476
400,2.011412112
600,2.442575554
600,2.862827592
600,2.763290109
800,3.190350391
800,3.463468201
800,3.3760461299999998
1000,4.09777587
1000,4.048082415
1000,4.113381708
